{
	"camera" : {
		"eye" : [0.0, 0.0, 0.0],
		"up" : [0.0, 1.0, 0.0],
		"at" : [0.0, 0.0, -1.0],
		"fovy" : 45, "aspect" : 1 
	},
	"bounce_depth" : 0,
	"shadow_bias" : 0.0001,

	"lights" : [ 
		{"source" : "Ambient", "color" : [0.1,0.1,0.1]},
		{"source" : "Point", "position" : [2, 0, -1], "color" : [1,1,1]}
	],

	"materials" : [ 
		{
			"ka" : [0,0,1],
			"kd" : [0,0,1],
			"ks" : [1,1,1],
			"shininess" : 40,
			"kr" : [0,0,0]
		},
		{
			"ka" : [1,1,1],
			"kd" : [1,1,1],
			"ks" : [0,0,0],
			"shininess" : 0,
			"kr" : [0,0,0]
		}
	],

	"surfaces" : [
		{
			"shape" : "Sphere",
			"center" : [0,0,-2.74],
			"radius" : 0.25,
			"material" : 0
		},
		{
			"shape" : "Triangle",
			"p1" : [-1,-1,-3],
			"p2" : [-1, 1, -3],
			"p3" : [1, 1, -3],
			"material" : 1
		},
		{
			"shape" : "Triangle",
			"p1" : [1,1,-3],
			"p2" : [1, -1, -3],
			"p3" : [-1, -1, -3],
			"material" : 1
		}
	]
}