{
	"camera" : {
		"eye" : [0.0, 0.0, 0.0],
		"up" : [0.0, 1.0, 0.0],
		"at" : [0.0, 0.0, -1.0],
		"fovy" : 45, "aspect" : 1 
	},
	"bounce_depth" : 0,
	"shadow_bias" : 0.0001,

	"lights" : [ 
		{"source" : "Ambient", "color" : [1,1,1]}
	],

	"materials" : [ 
		{
			"ka" : [1,1,1],
			"kd" : [0,0,0],
			"ks" : [0,0,0],
			"shininess" : 0
		}
	],

	"surfaces" : [
		{
			"shape" : "Triangle",
			"p1" : [-1,-1,-3],
			"p2" : [0, 1, -3],
			"p3" : [1, -1, -3],
			"material" : 0
		}
	]
}